"product_id","product_name","category"
"33493860742","🛡️ ฟิล์มกันรอยคอนโซลกลาง Tesla Model 3 TeslaEdge | PPF Film ป้องกันรอยขีดข่วน ใสไม่ทิ้งคราบ","Interior Protection"
"90437282652","🛡️ ฟิล์มกันรอยคอนโซลกลาง Tesla Model Y TeslaEdge | PPF Film ป้องกันรอยขีดข่วน ใสไม่ทิ้งคราบ","Interior Protection"
"37074405927","🛡️ ฟิล์มกันรอยคอนโซลกลาง Tesla Model S TeslaEdge | PPF Film ป้องกันรอยขีดข่วน ใสไม่ทิ้งคราบ","Interior Protection"
"84153560132","📱 ฟิล์มกันรอยจอสัมผัส Tesla Model 3 TeslaEdge | 9H Tempered Glass Screen Protector","Interior Protection"
"96952328662","📱 ฟิล์มกันรอยจอสัมผัส Tesla Model Y TeslaEdge | 9H Tempered Glass Screen Protector","Interior Protection"
"59384828391","📱 ฟิล์มกันรอยจอสัมผัส Tesla Model S TeslaEdge | 9H Tempered Glass Screen Protector","Interior Protection"
"80505633798","🚪 กันรอยขอบประตู Tesla Model 3 TeslaEdge | Door Sill Protector สติกเกอร์ Carbon Fiber","Interior Protection"
"94730080310","🚪 กันรอยขอบประตู Tesla Model Y TeslaEdge | Door Sill Protector สติกเกอร์ Carbon Fiber","Interior Protection"
"39906929520","🎨 ฟิล์มกันรอย Dashboard Tesla Model 3 TeslaEdge | แผ่นกันรอยหน้าปัด PPF ใส","Interior Protection"
"84343861883","🎨 ฟิล์มกันรอย Dashboard Tesla Model Y TeslaEdge | แผ่นกันรอยหน้าปัด PPF ใส","Interior Protection"
"55973586712","🔘 ฝาครอบปุ่มพวงมาลัย Tesla Model 3/Y TeslaEdge | Steering Wheel Button Cover Carbon","Interior Protection"
"20820528971","🔘 ฝาครอบปุ่มพวงมาลัย Tesla Model S/X TeslaEdge | Steering Wheel Button Cover Carbon","Interior Protection"
"99644156808","💪 แผ่นกันรอยที่วางแขน Tesla Model 3 TeslaEdge | Armrest Pad Protector หนัง PU","Interior Protection"
"83651694363","💪 แผ่นกันรอยที่วางแขน Tesla Model Y TeslaEdge | Armrest Pad Protector หนัง PU","Interior Protection"
"97400200395","🖤 สติกเกอร์ B-Pillar Tesla Model 3 TeslaEdge | B-Pillar Vinyl Wrap เคลือบเงา","Interior Protection"
"71918699488","🖤 สติกเกอร์ B-Pillar Tesla Model Y TeslaEdge | B-Pillar Vinyl Wrap เคลือบเงา","Interior Protection"
"30373192793","🪟 ม่านบังแดดหน้าต่าง Tesla Model 3 TeslaEdge | Sunshade Window Privacy ม่านพับได้ ครบชุด","Interior Protection"
"56225921988","🪟 ม่านบังแดดหน้าต่าง Tesla Model Y TeslaEdge | Sunshade Window Privacy ม่านพับได้ ครบชุด","Interior Protection"
"54626024618","🏎️ สปอยเลอร์หลัง Tesla Model 3 TeslaEdge | Rear Spoiler Carbon Fiber Look ทรงสปอร์ต","Exterior Accessories"
"53813595219","🏎️ สปอยเลอร์หลัง Tesla Model Y TeslaEdge | Rear Spoiler Carbon Fiber Look ทรงสปอร์ต","Exterior Accessories"
"67667696405","🏎️ สปอยเลอร์หลัง Tesla Model S TeslaEdge | Rear Spoiler Carbon Fiber Look ทรงสปอร์ต","Exterior Accessories"
"88668571497","💨 ลิ้นหน้า Tesla Model 3 TeslaEdge | Front Lip Splitter สไตล์สปอร์ต ABS","Exterior Accessories"
"69561749849","💨 ลิ้นหน้า Tesla Model Y TeslaEdge | Front Lip Splitter สไตล์สปอร์ต ABS","Exterior Accessories"
"36753793874","📐 ครอบกระจกมองข้าง Tesla Model 3/Y TeslaEdge | Mirror Cover Carbon Fiber ซ้าย-ขวา","Exterior Accessories"
"48076656084","📐 ครอบกระจกมองข้าง Tesla Model S/X TeslaEdge | Mirror Cover Carbon Fiber ซ้าย-ขวา","Exterior Accessories"
"82344251714","🌊 บังโคลน Tesla Model 3 TeslaEdge | Mud Flaps กันน้ำกันโคลน 4 ชิ้น","Exterior Accessories"
"91434066023","🌊 บังโคลน Tesla Model Y TeslaEdge | Mud Flaps กันน้ำกันโคลน 4 ชิ้น","Exterior Accessories"
"93412771137","⚫ ชุด Chrome Delete Tesla Model 3 TeslaEdge | Chrome Delete Kit Matte Black Vinyl","Exterior Accessories"
"53430858341","⚫ ชุด Chrome Delete Tesla Model Y TeslaEdge | Chrome Delete Kit Matte Black Vinyl","Exterior Accessories"
"99555829226","🔲 กันชนหลัง Diffuser Tesla Model 3 TeslaEdge | Rear Diffuser ABS สไตล์สปอร์ต","Exterior Accessories"
"41055200599","🔲 กันชนหลัง Diffuser Tesla Model Y TeslaEdge | Rear Diffuser ABS สไตล์สปอร์ต","Exterior Accessories"
"74403405114","🔳 กรอบป้ายทะเบียน Tesla TeslaEdge | License Plate Frame Carbon Fiber หน้า-หลัง","Exterior Accessories"
"28750583936","🛡️ สติกเกอร์กันรอยกันชนหลัง Tesla Model 3 TeslaEdge | Rear Bumper Protector Film Carbon Look","Exterior Accessories"
"58116915417","🛡️ สติกเกอร์กันรอยกันชนหลัง Tesla Model Y TeslaEdge | Rear Bumper Protector Film Carbon Look","Exterior Accessories"
"93723265428","💡 ไฟเท้า Ambient LED Tesla Model 3 TeslaEdge | Footwell RGB LED 256 สี ควบคุมผ่านแอพ","Lighting & LED"
"99492144522","💡 ไฟเท้า Ambient LED Tesla Model Y TeslaEdge | Footwell RGB LED 256 สี ควบคุมผ่านแอพ","Lighting & LED"
"44967034406","💡 ไฟเท้า Ambient LED Tesla Model S TeslaEdge | Footwell RGB LED 256 สี ควบคุมผ่านแอพ","Lighting & LED"
"93267697779","🔦 ไฟท้ายรถอัปเกรด LED Tesla Model 3 TeslaEdge | Trunk LED Upgrade Kit สว่างขึ้น 200%","Lighting & LED"
"54398192426","🔦 ไฟท้ายรถอัปเกรด LED Tesla Model Y TeslaEdge | Trunk LED Upgrade Kit สว่างขึ้น 200%","Lighting & LED"
"30878629159","🔦 ไฟท้ายรถอัปเกรด LED Tesla Model S TeslaEdge | Trunk LED Upgrade Kit สว่างขึ้น 200%","Lighting & LED"
"88198085781","🌟 ไฟ Frunk LED Tesla Model 3 TeslaEdge | Frunk Light Upgrade ติดตั้งง่าย","Lighting & LED"
"21538744139","🌟 ไฟ Frunk LED Tesla Model Y TeslaEdge | Frunk Light Upgrade ติดตั้งง่าย","Lighting & LED"
"35097886955","🔮 ไฟฉายโลโก้ประตู Tesla Model 3/Y TeslaEdge | Door Projector Logo Light LED","Lighting & LED"
"70776617116","🔮 ไฟฉายโลโก้ประตู Tesla Model S/X TeslaEdge | Door Projector Logo Light LED","Lighting & LED"
"43087741394","🌈 ไฟ LED ใต้ท้องรถ Tesla Model 3 TeslaEdge | Under Glow RGB LED Strip กันน้ำ IP67","Lighting & LED"
"41569235795","🌈 ไฟ LED ใต้ท้องรถ Tesla Model Y TeslaEdge | Under Glow RGB LED Strip กันน้ำ IP67","Lighting & LED"
"36119580921","📖 ไฟอ่านหนังสือ LED Tesla Model 3 TeslaEdge | Reading Light Upgrade Ultra Bright","Lighting & LED"
"52103603711","📖 ไฟอ่านหนังสือ LED Tesla Model Y TeslaEdge | Reading Light Upgrade Ultra Bright","Lighting & LED"
"93585065411","💫 ไฟ LED ป้ายทะเบียน Tesla Model 3 TeslaEdge | License Plate LED White 6000K ติดตั้งง่าย","Lighting & LED"
"75556773831","💫 ไฟ LED ป้ายทะเบียน Tesla Model Y TeslaEdge | License Plate LED White 6000K ติดตั้งง่าย","Lighting & LED"
"70009346387","✨ ไฟเพดานรถ LED Tesla Model 3 TeslaEdge | Interior Dome Light Upgrade สว่างจัด","Lighting & LED"
"48958994291","✨ ไฟเพดานรถ LED Tesla Model Y TeslaEdge | Interior Dome Light Upgrade สว่างจัด","Lighting & LED"
"45658971998","🧹 พรมปูพื้นรถ 3D Tesla Model 3 TeslaEdge | TPE Floor Mat กันน้ำ กันฝุ่น ครบชุด","Floor Mats & Trunk"
"87892526650","🧹 พรมปูพื้นรถ 3D Tesla Model Y TeslaEdge | TPE Floor Mat กันน้ำ กันฝุ่น ครบชุด","Floor Mats & Trunk"
"79793335785","🧹 พรมปูพื้นรถ 3D Tesla Model S TeslaEdge | TPE Floor Mat กันน้ำ กันฝุ่น ครบชุด","Floor Mats & Trunk"
"74856632709","📦 ถาดท้ายรถ TPE Tesla Model 3 TeslaEdge | Trunk Mat กันน้ำ กันรอย ตัดตรงรุ่น","Floor Mats & Trunk"
"33143856309","📦 ถาดท้ายรถ TPE Tesla Model Y TeslaEdge | Trunk Mat กันน้ำ กันรอย ตัดตรงรุ่น","Floor Mats & Trunk"
"53908468090","📦 ถาดท้ายรถ TPE Tesla Model S TeslaEdge | Trunk Mat กันน้ำ กันรอย ตัดตรงรุ่น","Floor Mats & Trunk"
"17729987390","🧊 พรม Frunk Tesla Model 3 TeslaEdge | Frunk Mat TPE กันน้ำ ทนทาน","Floor Mats & Trunk"
"63876754907","🧊 พรม Frunk Tesla Model Y TeslaEdge | Frunk Mat TPE กันน้ำ ทนทาน","Floor Mats & Trunk"
"21310482897","🗂️ ที่จัดระเบียบท้ายรถ Tesla Model 3 TeslaEdge | Trunk Organizer พับเก็บได้ แบ่งช่อง","Floor Mats & Trunk"
"40573942048","🗂️ ที่จัดระเบียบท้ายรถ Tesla Model Y TeslaEdge | Trunk Organizer พับเก็บได้ แบ่งช่อง","Floor Mats & Trunk"
"78958991632","🔗 ตาข่ายกั้นท้ายรถ Tesla Model 3 TeslaEdge | Cargo Net Trunk กันของตก ยืดหยุ่นสูง","Floor Mats & Trunk"
"39332672825","🔗 ตาข่ายกั้นท้ายรถ Tesla Model Y TeslaEdge | Cargo Net Trunk กันของตก ยืดหยุ่นสูง","Floor Mats & Trunk"
"99793470412","⚡ ที่จัดเก็บสาย UMC TeslaEdge | UMC Cable Organizer ที่ม้วนสายชาร์จ","Charging Accessories"
"33640102296","🔌 ขาแขวน Wall Connector TeslaEdge | Wall Connector Mount Bracket สแตนเลส","Charging Accessories"
"75439204556","🔄 อะแดปเตอร์ J1772 Holder TeslaEdge | J1772 Adapter Holder ที่เก็บหัวชาร์จ","Charging Accessories"
"34618067235","🔒 ฝาครอบพอร์ตชาร์จ TeslaEdge | Charging Port Cover กันฝุ่น กันน้ำ","Charging Accessories"
"19285872202","👜 กระเป๋าใส่สายชาร์จ TeslaEdge | Mobile Connector Bag กันกระแทก","Charging Accessories"
"92142602435","📏 สายชาร์จ Extension Cable 10m TeslaEdge | EV Charging Extension Cable กันน้ำ","Charging Accessories"
"95657098153","🏠 Hook แขวนสายชาร์จติดผนัง TeslaEdge | Charging Cable Wall Hook สแตนเลส","Charging Accessories"
"95876254459","⚙️ ชุด NEMA 14-50 Adapter TeslaEdge | NEMA 14-50 to TPC Adapter อะแดปเตอร์ปลั๊ก","Charging Accessories"
"12712318444","💼 กล่อง CCS Adapter Case TeslaEdge | กล่องเก็บ CCS Adapter กันกระแทก","Charging Accessories"
"25442061534","🎒 กระเป๋า Portable Charger Bag TeslaEdge | กระเป๋าชาร์จพกพา กันน้ำ ทนทาน","Charging Accessories"
"33880160597","🔆 ไฟส่องสว่างสถานีชาร์จ TeslaEdge | Charging Station LED Light เซ็นเซอร์เปิด-ปิดอัตโนมัติ","Charging Accessories"
"11351796119","🛞 ฝาครอบล้อ Aero Tesla Model 3 TeslaEdge | Aero Wheel Cover Hubcap 4 ชิ้น","Wheel & Tire"
"44887437056","🛞 ฝาครอบล้อ Aero Tesla Model Y TeslaEdge | Aero Wheel Cover Hubcap 4 ชิ้น","Wheel & Tire"
"31599045734","🛞 ฝาครอบล้อ Aero Tesla Model S TeslaEdge | Aero Wheel Cover Hubcap 4 ชิ้น","Wheel & Tire"
"23148965192","🔩 น็อตล้อกันขโมย Tesla Model 3 TeslaEdge | Anti-theft Lug Nuts Set สแตนเลส","Wheel & Tire"
"88212099185","🔩 น็อตล้อกันขโมย Tesla Model Y TeslaEdge | Anti-theft Lug Nuts Set สแตนเลส","Wheel & Tire"
"96792078255","🔩 น็อตล้อกันขโมย Tesla Model S TeslaEdge | Anti-theft Lug Nuts Set สแตนเลส","Wheel & Tire"
"70945996530","⚫ ฝาครอบดุมล้อ Tesla Model 3 TeslaEdge | Hub Cap Center Cover โลโก้ 4 ชิ้น","Wheel & Tire"
"75224052070","⚫ ฝาครอบดุมล้อ Tesla Model Y TeslaEdge | Hub Cap Center Cover โลโก้ 4 ชิ้น","Wheel & Tire"
"45706908008","🧲 Jack Pad Adapter Tesla TeslaEdge | แผ่นรองแม่แรง Rubber Jack Pad","Wheel & Tire"
"73276026501","🎨 ปากกาแต้มสีล้อ Tesla TeslaEdge | Wheel Touch-up Paint Pen ซ่อมรอยขีดข่วน","Wheel & Tire"
"72853841798","🔧 ฝาจุกวาล์วล้อ Tesla TeslaEdge | Tire Valve Cap Set สแตนเลส โลโก้ Tesla 4 ชิ้น","Wheel & Tire"
"62472821779","🗃️ กล่องเก็บของคอนโซลกลาง Tesla Model 3 TeslaEdge | Center Console Organizer Tray ถาดแบ่งช่อง","Storage & Organization"
"93401488247","🗃️ กล่องเก็บของคอนโซลกลาง Tesla Model Y TeslaEdge | Center Console Organizer Tray ถาดแบ่งช่อง","Storage & Organization"
"30199368135","🗃️ กล่องเก็บของคอนโซลกลาง Tesla Model S TeslaEdge | Center Console Organizer Tray ถาดแบ่งช่อง","Storage & Organization"
"39559621375","☕ ที่วางแก้ว Tesla Model 3/Y TeslaEdge | Cup Holder Insert ซิลิโคน กันลื่น","Storage & Organization"
"49343514236","☕ ที่วางแก้ว Tesla Model S/X TeslaEdge | Cup Holder Insert ซิลิโคน กันลื่น","Storage & Organization"
"37478771090","👔 ที่แขวนสูทหลังเบาะ Tesla Model 3 TeslaEdge | Headrest Coat Hanger สแตนเลส","Storage & Organization"
"34707348124","👔 ที่แขวนสูทหลังเบาะ Tesla Model Y TeslaEdge | Headrest Coat Hanger สแตนเลส","Storage & Organization"
"71661471209","👔 ที่แขวนสูทหลังเบาะ Tesla Model S TeslaEdge | Headrest Coat Hanger สแตนเลส","Storage & Organization"
"12949053507","📱 ที่เก็บของใต้เบาะ Tesla Model 3 TeslaEdge | Under Seat Storage Box กล่องซ่อนของ","Storage & Organization"
"53461848034","📱 ที่เก็บของใต้เบาะ Tesla Model Y TeslaEdge | Under Seat Storage Box กล่องซ่อนของ","Storage & Organization"
"12897829618","🕶️ ที่เก็บแว่นตา Tesla Model 3/Y TeslaEdge | Sunglass Holder Clip ที่หนีบแว่น","Storage & Organization"
"43384038456","🕶️ ที่เก็บแว่นตา Tesla Model S/X TeslaEdge | Sunglass Holder Clip ที่หนีบแว่น","Storage & Organization"
"81949767884","🗑️ ถังขยะในรถ Tesla TeslaEdge | Car Trash Can ซิลิโคน พับได้ กันน้ำ","Storage & Organization"
"18488361065","🧻 ที่ใส่ทิชชู่ในรถ Tesla TeslaEdge | Tissue Box Holder หนัง PU สไตล์มินิมอล","Storage & Organization"
"92524282727","🃏 ซองใส่ Key Card Tesla TeslaEdge | Key Card Holder หนังแท้ กันรอย RFID","Storage & Organization"
"85009958534","📹 กล้องหน้ารถ Dashcam 4K Tesla Model 3 TeslaEdge | Dashcam 4K WiFi GPS หน้า-หลัง ติดตั้งซ่อน","Tech & Electronics"
"85146514013","📹 กล้องหน้ารถ Dashcam 4K Tesla Model Y TeslaEdge | Dashcam 4K WiFi GPS หน้า-หลัง ติดตั้งซ่อน","Tech & Electronics"
"17755961483","📹 กล้องหน้ารถ Dashcam 4K Tesla Model S TeslaEdge | Dashcam 4K WiFi GPS หน้า-หลัง ติดตั้งซ่อน","Tech & Electronics"
"54803233872","🔌 USB Hub อเนกประสงค์ Tesla Model 3 TeslaEdge | USB Hub 4-Port PD Fast Charge ช่องคอนโซล","Tech & Electronics"
"78765221533","🔌 USB Hub อเนกประสงค์ Tesla Model Y TeslaEdge | USB Hub 4-Port PD Fast Charge ช่องคอนโซล","Tech & Electronics"
"84474679800","🔌 USB Hub อเนกประสงค์ Tesla Model S TeslaEdge | USB Hub 4-Port PD Fast Charge ช่องคอนโซล","Tech & Electronics"
"34623367453","📱 ที่วางมือถือ MagSafe Tesla Model 3 TeslaEdge | Phone Mount MagSafe 15W Wireless Charge","Tech & Electronics"
"92571167299","📱 ที่วางมือถือ MagSafe Tesla Model Y TeslaEdge | Phone Mount MagSafe 15W Wireless Charge","Tech & Electronics"
"27048013278","🖥️ กรอบจอ Android Tesla Model 3 TeslaEdge | Rear Seat Entertainment Screen 10.1 inch","Tech & Electronics"
"69469661029","🖥️ กรอบจอ Android Tesla Model Y TeslaEdge | Rear Seat Entertainment Screen 10.1 inch","Tech & Electronics"
"30971518868","🔊 ลำโพงอัปเกรด Tesla Model 3 TeslaEdge | Audio Speaker Upgrade Kit เสียงดีขึ้น 3 เท่า","Tech & Electronics"
"10751421174","🔊 ลำโพงอัปเกรด Tesla Model Y TeslaEdge | Audio Speaker Upgrade Kit เสียงดีขึ้น 3 เท่า","Tech & Electronics"
"56649003815","🎮 Gaming Controller Mount Tesla TeslaEdge | ที่ยึด Controller เล่นเกมบนหน้าจอ","Tech & Electronics"
"48295738411","📡 กล่อง OBD2 Scanner Tesla TeslaEdge | OBD2 Bluetooth Diagnostic Scanner ตรวจสภาพรถ","Tech & Electronics"
"33600892759","🔋 Power Bank Solar 30000mAh TeslaEdge | แบตสำรองโซล่าร์ สำหรับตั้งแคมป์กับ Tesla","Tech & Electronics"
"93717236404","🛰️ กล้องถอยหลัง Wireless Tesla Model 3 TeslaEdge | Reverse Camera HD Wireless ติดตั้งง่าย","Tech & Electronics"
"32876464602","🛰️ กล้องถอยหลัง Wireless Tesla Model Y TeslaEdge | Reverse Camera HD Wireless ติดตั้งง่าย","Tech & Electronics"
"23407100433","🎵 Subwoofer อัปเกรด Tesla Model 3 TeslaEdge | Under Seat Subwoofer 8 inch เบสหนักแน่น","Tech & Electronics"
"67395456540","🎵 Subwoofer อัปเกรด Tesla Model Y TeslaEdge | Under Seat Subwoofer 8 inch เบสหนักแน่น","Tech & Electronics"
